"id_venta","id_producto","nombre_producto","categoria","precio_unitario","cantidad_vendida"
1,31,"Producto 31","Hogar",33.9,8
2,79,"Producto 79","Electrónica",491.06,6
3,51,"Producto 51","Electrónica",345.58,2
4,14,"Producto 14","Accesorios",431.78,18
5,67,"Producto 67","Accesorios",233.54,7
6,42,"Producto 42","Electrónica",67.38,3
7,50,"Producto 50","Electrónica",341.75,3
8,43,"Producto 43","Electrónica",14.87,13
9,14,"Producto 14","Hogar",85.66,8
10,25,"Producto 25","Electrónica",448.43,9
11,90,"Producto 90","Electrónica",80.81,12
12,91,"Producto 91","Accesorios",133.03,19
13,69,"Producto 69","Electrónica",125.79,2
14,91,"Producto 91","Electrónica",159.37,12
15,57,"Producto 57","Hogar",114.52,7
16,92,"Producto 92","Accesorios",20.12,18
17,9,"Producto 9","Juguetes",452,10
18,93,"Producto 93","Juguetes",479.9,19
19,99,"Producto 99","Hogar",471.71,18
20,72,"Producto 72","Accesorios",229.38,16
21,26,"Producto 26","Juguetes",221.64,15
22,7,"Producto 7","Hogar",29.83,15
23,42,"Producto 42","Electrónica",183.11,3
24,9,"Producto 9","Juguetes",448.84,6
25,83,"Producto 83","Accesorios",188.68,16
26,36,"Producto 36","Juguetes",254.13,12
27,78,"Producto 78","Accesorios",266.16,15
28,81,"Producto 81","Accesorios",89.28,20
29,43,"Producto 43","Accesorios",271.61,1
30,76,"Producto 76","Accesorios",59.69,12
31,15,"Producto 15","Juguetes",308.98,20
32,32,"Producto 32","Electrónica",274.76,10
33,7,"Producto 7","Hogar",117.68,6
34,9,"Producto 9","Accesorios",451.25,19
35,41,"Producto 41","Hogar",103.27,8
36,74,"Producto 74","Accesorios",213.8,20
37,23,"Producto 23","Electrónica",442.76,12
38,27,"Producto 27","Hogar",122.91,12
39,60,"Producto 60","Accesorios",149.36,2
40,53,"Producto 53","Juguetes",438.82,6
41,7,"Producto 7","Hogar",311.44,10
42,53,"Producto 53","Accesorios",429.36,10
43,27,"Producto 27","Hogar",241.26,7
44,96,"Producto 96","Hogar",447.64,11
45,38,"Producto 38","Accesorios",88.69,17
46,89,"Producto 89","Juguetes",312.43,8
47,34,"Producto 34","Accesorios",362.77,5
48,93,"Producto 93","Juguetes",99.16,15
49,69,"Producto 69","Juguetes",286.51,17
50,72,"Producto 72","Accesorios",337.41,15
51,76,"Producto 76","Hogar",460.01,13
52,63,"Producto 63","Electrónica",166.15,17
53,13,"Producto 13","Juguetes",275.64,17
54,82,"Producto 82","Electrónica",7.47,4
55,97,"Producto 97","Electrónica",188.21,2
56,91,"Producto 91","Juguetes",320.62,12
57,25,"Producto 25","Hogar",306.76,9
58,38,"Producto 38","Electrónica",410.05,3
59,21,"Producto 21","Accesorios",63.36,19
60,79,"Producto 79","Hogar",333.36,2
61,41,"Producto 41","Electrónica",104.8,4
62,47,"Producto 47","Accesorios",295.5,14
63,90,"Producto 90","Accesorios",349.06,8
64,60,"Producto 60","Hogar",266.5,17
65,95,"Producto 95","Accesorios",187.91,2
66,16,"Producto 16","Juguetes",350.74,5
67,94,"Producto 94","Accesorios",239.48,3
68,6,"Producto 6","Hogar",119.25,5
69,72,"Producto 72","Accesorios",229.8,4
70,86,"Producto 86","Juguetes",44.2,13
71,86,"Producto 86","Juguetes",132.55,16
72,39,"Producto 39","Juguetes",279.27,13
73,31,"Producto 31","Electrónica",15.77,4
74,81,"Producto 81","Hogar",109.5,15
75,50,"Producto 50","Electrónica",320.01,16
76,34,"Producto 34","Hogar",359.9,10
77,4,"Producto 4","Hogar",389.55,16
78,13,"Producto 13","Accesorios",41.24,5
79,69,"Producto 69","Juguetes",53.88,19
80,25,"Producto 25","Hogar",473.47,12
81,52,"Producto 52","Hogar",465.79,1
82,22,"Producto 22","Accesorios",461.12,19
83,89,"Producto 89","Juguetes",326.72,7
84,32,"Producto 32","Hogar",82.39,8
85,25,"Producto 25","Electrónica",455.52,16
86,87,"Producto 87","Accesorios",461.42,12
87,35,"Producto 35","Accesorios",88.77,10
88,40,"Producto 40","Electrónica",41.32,8
89,30,"Producto 30","Electrónica",285.28,20
90,12,"Producto 12","Hogar",185.88,18
91,31,"Producto 31","Hogar",232.78,20
92,30,"Producto 30","Hogar",235.04,6
93,64,"Producto 64","Juguetes",390.56,7
94,99,"Producto 99","Accesorios",412.71,2
95,14,"Producto 14","Hogar",144.77,17
96,93,"Producto 93","Hogar",366.34,12
97,96,"Producto 96","Accesorios",250.51,13
98,71,"Producto 71","Hogar",37.8,18
99,67,"Producto 67","Electrónica",23.64,12
100,23,"Producto 23","Hogar",122.6,7
101,79,"Producto 79","Hogar",113.11,10
102,85,"Producto 85","Hogar",214.08,7
103,37,"Producto 37","Accesorios",277.13,10
104,8,"Producto 8","Accesorios",358.3,8
105,51,"Producto 51","Electrónica",123.8,12
106,74,"Producto 74","Electrónica",448.36,14
107,50,"Producto 50","Hogar",243.9,19
108,98,"Producto 98","Accesorios",135.11,7
109,74,"Producto 74","Juguetes",163.36,9
110,86,"Producto 86","Juguetes",333.83,8
111,76,"Producto 76","Hogar",365.39,2
112,84,"Producto 84","Hogar",287.86,9
113,46,"Producto 46","Juguetes",439.95,10
114,17,"Producto 17","Electrónica",207.56,16
115,62,"Producto 62","Accesorios",106.67,7
116,46,"Producto 46","Hogar",238.06,4
117,54,"Producto 54","Electrónica",192.81,2
118,35,"Producto 35","Hogar",127.54,15
119,94,"Producto 94","Accesorios",462.89,1
120,79,"Producto 79","Accesorios",235.76,7
121,24,"Producto 24","Hogar",11.9,17
122,87,"Producto 87","Electrónica",471.9,11
123,7,"Producto 7","Electrónica",190.4,4
124,93,"Producto 93","Juguetes",8.98,4
125,79,"Producto 79","Hogar",490.36,6
126,23,"Producto 23","Juguetes",191.88,20
127,26,"Producto 26","Juguetes",493,17
128,32,"Producto 32","Juguetes",74.11,15
129,7,"Producto 7","Hogar",283.3,9
130,27,"Producto 27","Accesorios",398.21,14
131,42,"Producto 42","Juguetes",100.98,8
132,5,"Producto 5","Hogar",356.8,14
133,70,"Producto 70","Hogar",285.03,17
134,16,"Producto 16","Hogar",10.01,17
135,24,"Producto 24","Electrónica",132.19,7
136,32,"Producto 32","Juguetes",238.14,5
137,21,"Producto 21","Electrónica",463.8,17
138,55,"Producto 55","Hogar",497.67,16
139,75,"Producto 75","Electrónica",108.94,5
140,36,"Producto 36","Electrónica",274.87,11
141,83,"Producto 83","Hogar",324.47,17
142,89,"Producto 89","Accesorios",451.05,11
143,39,"Producto 39","Accesorios",367.5,4
144,54,"Producto 54","Electrónica",306.81,18
145,90,"Producto 90","Accesorios",116.06,17
146,9,"Producto 9","Juguetes",458.5,15
147,71,"Producto 71","Hogar",402.37,2
148,98,"Producto 98","Electrónica",159.64,1
149,48,"Producto 48","Electrónica",117.49,9
150,77,"Producto 77","Electrónica",330.51,3
151,83,"Producto 83","Juguetes",369.19,4
152,56,"Producto 56","Electrónica",235.22,9
153,39,"Producto 39","Juguetes",432.48,11
154,68,"Producto 68","Electrónica",339.13,19
155,1,"Producto 1","Electrónica",84.93,9
156,40,"Producto 40","Accesorios",10.98,10
157,30,"Producto 30","Accesorios",433.7,16
158,94,"Producto 94","Accesorios",54.85,12
159,89,"Producto 89","Juguetes",159.55,13
160,16,"Producto 16","Hogar",220.08,13
161,88,"Producto 88","Accesorios",309.8,15
162,54,"Producto 54","Juguetes",172.92,4
163,75,"Producto 75","Accesorios",292.09,8
164,48,"Producto 48","Accesorios",415.69,10
165,20,"Producto 20","Electrónica",170.64,5
166,67,"Producto 67","Accesorios",194.1,18
167,93,"Producto 93","Juguetes",304.82,14
168,36,"Producto 36","Hogar",250.39,6
169,52,"Producto 52","Juguetes",59.09,19
170,22,"Producto 22","Electrónica",423.73,19
171,49,"Producto 49","Hogar",225.7,18
172,42,"Producto 42","Hogar",376.44,6
173,59,"Producto 59","Hogar",398.79,8
174,84,"Producto 84","Electrónica",198.4,7
175,11,"Producto 11","Juguetes",12.35,12
176,55,"Producto 55","Hogar",372.99,4
177,8,"Producto 8","Accesorios",38.85,12
178,46,"Producto 46","Juguetes",268.35,17
179,85,"Producto 85","Electrónica",65.7,10
180,66,"Producto 66","Hogar",339.51,8
181,77,"Producto 77","Accesorios",32.73,10
182,46,"Producto 46","Accesorios",400.01,15
183,70,"Producto 70","Hogar",332.99,10
184,72,"Producto 72","Hogar",125.9,11
185,44,"Producto 44","Hogar",84.38,18
186,32,"Producto 32","Electrónica",33.71,20
187,36,"Producto 36","Electrónica",12.53,12
188,45,"Producto 45","Juguetes",417.51,2
189,14,"Producto 14","Hogar",134.63,1
190,16,"Producto 16","Hogar",32.43,19
191,87,"Producto 87","Electrónica",177.28,15
192,33,"Producto 33","Hogar",292.21,13
193,40,"Producto 40","Juguetes",403.09,6
194,40,"Producto 40","Juguetes",173.43,3
195,10,"Producto 10","Accesorios",71.75,11
196,89,"Producto 89","Hogar",387.94,4
197,72,"Producto 72","Juguetes",439.23,10
198,82,"Producto 82","Hogar",494.04,15
199,9,"Producto 9","Electrónica",329.14,3
200,7,"Producto 7","Electrónica",130.74,4
201,7,"Producto 7","Electrónica",322.52,6
202,58,"Producto 58","Electrónica",228.05,15
203,61,"Producto 61","Accesorios",102.5,7
204,74,"Producto 74","Accesorios",305.06,2
205,24,"Producto 24","Hogar",487.44,20
206,63,"Producto 63","Hogar",103.59,17
207,54,"Producto 54","Accesorios",220.21,13
208,23,"Producto 23","Electrónica",173.07,6
209,26,"Producto 26","Juguetes",21.83,2
210,33,"Producto 33","Juguetes",54.1,12
211,57,"Producto 57","Juguetes",212.52,9
212,29,"Producto 29","Electrónica",28.43,9
213,10,"Producto 10","Hogar",18.13,12
214,53,"Producto 53","Accesorios",90.89,19
215,54,"Producto 54","Electrónica",192.15,2
216,77,"Producto 77","Juguetes",296.22,6
217,11,"Producto 11","Electrónica",171.53,11
218,25,"Producto 25","Accesorios",249.8,9
219,52,"Producto 52","Hogar",377.4,19
220,26,"Producto 26","Electrónica",88.69,14
221,7,"Producto 7","Juguetes",422.6,12
222,25,"Producto 25","Accesorios",163.55,1
223,87,"Producto 87","Juguetes",120.77,2
224,90,"Producto 90","Juguetes",158.45,18
225,32,"Producto 32","Juguetes",396.01,7
226,84,"Producto 84","Electrónica",130.98,5
227,24,"Producto 24","Accesorios",461.8,15
228,57,"Producto 57","Hogar",78.43,5
229,73,"Producto 73","Accesorios",112.16,12
230,23,"Producto 23","Electrónica",314.92,4
231,14,"Producto 14","Juguetes",132.25,4
232,6,"Producto 6","Hogar",355.05,8
233,91,"Producto 91","Hogar",372.49,1
234,1,"Producto 1","Juguetes",134.87,20
235,90,"Producto 90","Juguetes",288.45,16
236,58,"Producto 58","Electrónica",458.25,15
237,81,"Producto 81","Accesorios",355.67,14
238,29,"Producto 29","Electrónica",422.96,10
239,26,"Producto 26","Electrónica",460.37,16
240,27,"Producto 27","Electrónica",150.84,14
241,85,"Producto 85","Hogar",327.07,13
242,7,"Producto 7","Juguetes",75.17,8
243,60,"Producto 60","Hogar",427.5,18
244,26,"Producto 26","Accesorios",334.67,15
245,41,"Producto 41","Accesorios",368,2
246,84,"Producto 84","Accesorios",160.8,11
247,6,"Producto 6","Juguetes",335.52,1
248,94,"Producto 94","Juguetes",234.62,13
249,31,"Producto 31","Juguetes",326.89,8
250,93,"Producto 93","Hogar",393.96,8
251,17,"Producto 17","Accesorios",451.34,18
252,64,"Producto 64","Juguetes",266.07,7
253,37,"Producto 37","Juguetes",83.26,13
254,57,"Producto 57","Electrónica",138.46,15
255,20,"Producto 20","Electrónica",71.6,8
256,35,"Producto 35","Juguetes",122.59,16
257,89,"Producto 89","Electrónica",362.91,14
258,33,"Producto 33","Electrónica",315.43,16
259,66,"Producto 66","Hogar",228.92,12
260,4,"Producto 4","Accesorios",318.98,16
261,74,"Producto 74","Juguetes",267.1,11
262,97,"Producto 97","Accesorios",168.4,5
263,5,"Producto 5","Electrónica",386.51,4
264,25,"Producto 25","Hogar",319.32,14
265,8,"Producto 8","Electrónica",388.31,8
266,55,"Producto 55","Juguetes",93.53,15
267,89,"Producto 89","Hogar",201.22,11
268,85,"Producto 85","Accesorios",481.54,20
269,45,"Producto 45","Accesorios",191.77,10
270,18,"Producto 18","Accesorios",43.39,19
271,42,"Producto 42","Hogar",267.02,5
272,31,"Producto 31","Electrónica",475.11,1
273,6,"Producto 6","Electrónica",428.78,12
274,71,"Producto 71","Electrónica",276.97,18
275,61,"Producto 61","Accesorios",334.15,6
276,48,"Producto 48","Juguetes",252.72,19
277,17,"Producto 17","Juguetes",462.42,15
278,45,"Producto 45","Electrónica",50.5,18
279,92,"Producto 92","Juguetes",250.99,10
280,63,"Producto 63","Accesorios",392.2,1
281,53,"Producto 53","Accesorios",435.57,6
282,53,"Producto 53","Accesorios",451.27,8
283,63,"Producto 63","Juguetes",406.63,9
284,71,"Producto 71","Hogar",81.1,18
285,84,"Producto 84","Electrónica",366.23,15
286,82,"Producto 82","Accesorios",380.95,8
287,93,"Producto 93","Juguetes",332.11,5
288,17,"Producto 17","Juguetes",454.48,18
289,97,"Producto 97","Juguetes",197.94,8
290,2,"Producto 2","Hogar",478.7,20
291,49,"Producto 49","Electrónica",231.01,20
292,2,"Producto 2","Hogar",101.53,4
293,13,"Producto 13","Electrónica",297.41,9
294,24,"Producto 24","Hogar",81.92,11
295,49,"Producto 49","Accesorios",262.15,16
296,67,"Producto 67","Juguetes",209.36,10
297,82,"Producto 82","Electrónica",414.47,4
298,2,"Producto 2","Accesorios",283.73,1
299,37,"Producto 37","Accesorios",230.96,11
300,63,"Producto 63","Electrónica",100.21,2
301,76,"Producto 76","Accesorios",238.61,8
302,13,"Producto 13","Juguetes",120.09,13
303,42,"Producto 42","Electrónica",160.47,18
304,61,"Producto 61","Accesorios",434.09,10
305,70,"Producto 70","Hogar",225.27,20
306,38,"Producto 38","Accesorios",219.79,19
307,64,"Producto 64","Hogar",238.93,4
308,80,"Producto 80","Hogar",417.53,13
309,99,"Producto 99","Accesorios",10.12,15
310,36,"Producto 36","Accesorios",158.02,3
311,91,"Producto 91","Accesorios",47.65,18
312,91,"Producto 91","Electrónica",412.39,4
313,35,"Producto 35","Hogar",238.2,18
314,87,"Producto 87","Electrónica",268.51,12
315,67,"Producto 67","Hogar",200.72,17
316,95,"Producto 95","Accesorios",229.95,11
317,48,"Producto 48","Accesorios",61.88,10
318,66,"Producto 66","Juguetes",20.39,15
319,23,"Producto 23","Accesorios",16.49,20
320,67,"Producto 67","Accesorios",43.37,16
321,9,"Producto 9","Hogar",183.96,4
322,61,"Producto 61","Accesorios",381.9,14
323,39,"Producto 39","Hogar",372.92,6
324,94,"Producto 94","Hogar",53.36,5
325,31,"Producto 31","Juguetes",481.14,2
326,94,"Producto 94","Hogar",75.89,20
327,73,"Producto 73","Electrónica",244.91,13
328,36,"Producto 36","Electrónica",284.63,11
329,98,"Producto 98","Accesorios",466.49,2
330,22,"Producto 22","Accesorios",410.91,5
331,44,"Producto 44","Electrónica",268.88,3
332,41,"Producto 41","Electrónica",195.31,5
333,92,"Producto 92","Hogar",275.26,4
334,93,"Producto 93","Hogar",399.38,19
335,43,"Producto 43","Electrónica",315.53,15
336,39,"Producto 39","Accesorios",56.46,5
337,37,"Producto 37","Electrónica",100.04,18
338,33,"Producto 33","Electrónica",421.84,14
339,83,"Producto 83","Accesorios",242.29,9
340,12,"Producto 12","Juguetes",389.74,11
341,98,"Producto 98","Accesorios",410,3
342,21,"Producto 21","Juguetes",151.98,11
343,81,"Producto 81","Accesorios",117.22,18
344,76,"Producto 76","Electrónica",312.08,20
345,94,"Producto 94","Accesorios",190.07,6
346,35,"Producto 35","Accesorios",443.56,1
347,30,"Producto 30","Electrónica",67.14,6
348,89,"Producto 89","Juguetes",83.21,4
349,50,"Producto 50","Hogar",321.04,18
350,47,"Producto 47","Accesorios",97.13,11
351,67,"Producto 67","Electrónica",333.93,20
352,82,"Producto 82","Accesorios",258.45,11
353,96,"Producto 96","Hogar",372.1,14
354,81,"Producto 81","Juguetes",171.57,6
355,42,"Producto 42","Electrónica",60.08,4
356,40,"Producto 40","Accesorios",204.13,12
357,42,"Producto 42","Juguetes",273.64,16
358,96,"Producto 96","Hogar",371.43,10
359,26,"Producto 26","Accesorios",90.42,10
360,13,"Producto 13","Accesorios",295.31,20
361,20,"Producto 20","Hogar",252.42,7
362,20,"Producto 20","Electrónica",468.5,7
363,93,"Producto 93","Accesorios",455.6,8
364,84,"Producto 84","Electrónica",80.69,7
365,94,"Producto 94","Hogar",157.11,16
366,41,"Producto 41","Juguetes",350.66,8
367,8,"Producto 8","Juguetes",382.79,3
368,39,"Producto 39","Electrónica",257.39,6
369,74,"Producto 74","Juguetes",117.23,9
370,81,"Producto 81","Juguetes",87.1,2
371,63,"Producto 63","Juguetes",161.49,13
372,82,"Producto 82","Hogar",27.25,18
373,11,"Producto 11","Electrónica",336.44,1
374,2,"Producto 2","Electrónica",374.41,15
375,19,"Producto 19","Juguetes",128.02,8
376,77,"Producto 77","Accesorios",236.14,11
377,13,"Producto 13","Hogar",26.92,13
378,31,"Producto 31","Juguetes",53.64,10
379,30,"Producto 30","Juguetes",449.06,20
380,22,"Producto 22","Juguetes",309.5,13
381,94,"Producto 94","Hogar",322.15,9
382,74,"Producto 74","Hogar",233.2,5
383,16,"Producto 16","Hogar",143.47,3
384,69,"Producto 69","Hogar",472.75,9
385,36,"Producto 36","Juguetes",16.42,20
386,50,"Producto 50","Accesorios",92.77,1
387,33,"Producto 33","Hogar",485.86,9
388,80,"Producto 80","Hogar",400.87,6
389,28,"Producto 28","Accesorios",499.83,10
390,49,"Producto 49","Hogar",134.07,6
391,12,"Producto 12","Juguetes",293.18,11
392,53,"Producto 53","Accesorios",40.79,4
393,28,"Producto 28","Hogar",402.13,11
394,66,"Producto 66","Juguetes",440.88,12
395,50,"Producto 50","Hogar",445.37,16
396,76,"Producto 76","Accesorios",10.61,18
397,47,"Producto 47","Juguetes",124.49,2
398,51,"Producto 51","Accesorios",305.6,18
399,6,"Producto 6","Hogar",184.55,8
400,80,"Producto 80","Juguetes",356.06,5
401,15,"Producto 15","Electrónica",25.83,9
402,19,"Producto 19","Juguetes",330.3,3
403,59,"Producto 59","Electrónica",119.19,6
404,3,"Producto 3","Electrónica",140.12,14
405,97,"Producto 97","Juguetes",367.92,5
406,33,"Producto 33","Hogar",93.24,2
407,48,"Producto 48","Hogar",195.89,9
408,75,"Producto 75","Hogar",343.76,4
409,100,"Producto 100","Juguetes",210.52,12
410,45,"Producto 45","Electrónica",273.37,1
411,10,"Producto 10","Electrónica",230.32,1
412,42,"Producto 42","Hogar",67.9,18
413,24,"Producto 24","Juguetes",20.44,12
414,92,"Producto 92","Hogar",87,11
415,18,"Producto 18","Juguetes",400.45,12
416,81,"Producto 81","Hogar",75.48,11
417,84,"Producto 84","Electrónica",41.85,15
418,59,"Producto 59","Electrónica",19.14,5
419,9,"Producto 9","Electrónica",211.61,20
420,53,"Producto 53","Electrónica",427.74,18
421,11,"Producto 11","Electrónica",168.59,3
422,8,"Producto 8","Hogar",225,19
423,5,"Producto 5","Juguetes",209.67,17
424,29,"Producto 29","Accesorios",179.12,15
425,50,"Producto 50","Hogar",464.29,3
426,70,"Producto 70","Juguetes",465.38,5
427,74,"Producto 74","Hogar",143.73,18
428,26,"Producto 26","Hogar",366.01,10
429,73,"Producto 73","Hogar",112.31,5
430,11,"Producto 11","Electrónica",470.42,3
431,6,"Producto 6","Accesorios",36.83,8
432,96,"Producto 96","Accesorios",494.39,11
433,76,"Producto 76","Juguetes",109.05,13
434,83,"Producto 83","Hogar",162.67,19
435,91,"Producto 91","Hogar",65.28,4
436,56,"Producto 56","Accesorios",294.19,20
437,96,"Producto 96","Electrónica",330.88,17
438,27,"Producto 27","Electrónica",498.1,4
439,94,"Producto 94","Electrónica",101.06,16
440,68,"Producto 68","Hogar",409.17,9
441,88,"Producto 88","Juguetes",311.63,14
442,28,"Producto 28","Electrónica",492.88,11
443,67,"Producto 67","Accesorios",223.69,5
444,40,"Producto 40","Juguetes",363.47,11
445,6,"Producto 6","Accesorios",42.55,12
446,36,"Producto 36","Juguetes",317.02,6
447,55,"Producto 55","Accesorios",111.22,3
448,94,"Producto 94","Electrónica",459.97,15
449,48,"Producto 48","Accesorios",406.92,14
450,10,"Producto 10","Hogar",428.78,17
451,25,"Producto 25","Hogar",409.29,7
452,38,"Producto 38","Juguetes",211.47,1
453,100,"Producto 100","Electrónica",488.89,18
454,25,"Producto 25","Juguetes",252.19,3
455,4,"Producto 4","Hogar",251.79,9
456,79,"Producto 79","Hogar",175.02,11
457,52,"Producto 52","Hogar",38.34,20
458,22,"Producto 22","Electrónica",454.15,17
459,24,"Producto 24","Accesorios",114.45,15
460,39,"Producto 39","Accesorios",152.34,4
461,47,"Producto 47","Accesorios",330.98,18
462,60,"Producto 60","Juguetes",285.48,3
463,63,"Producto 63","Juguetes",485.79,20
464,37,"Producto 37","Accesorios",56.94,4
465,46,"Producto 46","Electrónica",274.18,11
466,54,"Producto 54","Accesorios",458.11,12
467,47,"Producto 47","Electrónica",437.1,13
468,79,"Producto 79","Accesorios",452.75,18
469,16,"Producto 16","Juguetes",390.5,11
470,19,"Producto 19","Electrónica",87.75,8
471,72,"Producto 72","Accesorios",65.09,19
472,31,"Producto 31","Electrónica",63.56,16
473,37,"Producto 37","Hogar",218.87,15
474,48,"Producto 48","Accesorios",389.81,18
475,60,"Producto 60","Juguetes",452.53,20
476,62,"Producto 62","Electrónica",216.1,5
477,80,"Producto 80","Electrónica",405.71,7
478,9,"Producto 9","Juguetes",236.85,18
479,11,"Producto 11","Electrónica",340.91,18
480,43,"Producto 43","Accesorios",380.57,10
481,30,"Producto 30","Juguetes",343.26,5
482,61,"Producto 61","Electrónica",424.55,16
483,74,"Producto 74","Juguetes",159.23,11
484,55,"Producto 55","Electrónica",95.47,9
485,61,"Producto 61","Hogar",51.29,9
486,34,"Producto 34","Juguetes",12.32,1
487,57,"Producto 57","Accesorios",451.69,18
488,38,"Producto 38","Juguetes",399.05,6
489,84,"Producto 84","Hogar",43.5,2
490,63,"Producto 63","Juguetes",55.36,13
491,46,"Producto 46","Hogar",91.08,11
492,78,"Producto 78","Hogar",266.7,5
493,70,"Producto 70","Accesorios",368.98,20
494,18,"Producto 18","Electrónica",63.52,3
495,2,"Producto 2","Hogar",56.2,5
496,72,"Producto 72","Accesorios",278.37,8
497,75,"Producto 75","Electrónica",148.81,3
498,21,"Producto 21","Hogar",223.02,14
499,57,"Producto 57","Accesorios",63.63,14
500,71,"Producto 71","Hogar",461.2,15
501,87,"Producto 87","Hogar",367.63,15
502,72,"Producto 72","Juguetes",233.46,17
503,59,"Producto 59","Hogar",337.8,3
504,74,"Producto 74","Hogar",147.8,18
505,37,"Producto 37","Juguetes",333.41,5
506,81,"Producto 81","Juguetes",190.66,13
507,55,"Producto 55","Accesorios",337.11,2
508,6,"Producto 6","Juguetes",209.3,14
509,40,"Producto 40","Hogar",357.1,18
510,6,"Producto 6","Juguetes",144.13,6
511,28,"Producto 28","Hogar",370.66,6
512,32,"Producto 32","Hogar",289.59,16
513,49,"Producto 49","Accesorios",17.13,1
514,99,"Producto 99","Electrónica",184.53,3
515,92,"Producto 92","Electrónica",223.22,19
516,84,"Producto 84","Juguetes",204.68,12
517,65,"Producto 65","Juguetes",274.66,18
518,69,"Producto 69","Accesorios",432.28,4
519,75,"Producto 75","Accesorios",384.01,14
520,47,"Producto 47","Hogar",37.38,17
521,20,"Producto 20","Electrónica",63.17,11
522,2,"Producto 2","Electrónica",158.35,14
523,62,"Producto 62","Electrónica",157.8,8
524,63,"Producto 63","Juguetes",367.51,10
525,62,"Producto 62","Electrónica",75.04,14
526,10,"Producto 10","Electrónica",488.9,19
527,59,"Producto 59","Hogar",428.13,10
528,49,"Producto 49","Juguetes",294.04,19
529,7,"Producto 7","Accesorios",450.28,15
530,61,"Producto 61","Hogar",9.63,17
531,38,"Producto 38","Accesorios",393.36,17
532,36,"Producto 36","Electrónica",454.36,2
533,23,"Producto 23","Electrónica",59.83,8
534,34,"Producto 34","Juguetes",235.58,3
535,88,"Producto 88","Accesorios",338.8,10
536,4,"Producto 4","Electrónica",235.4,17
537,54,"Producto 54","Electrónica",438.14,18
538,29,"Producto 29","Hogar",203.54,19
539,58,"Producto 58","Accesorios",285.51,3
540,87,"Producto 87","Juguetes",328.58,2
541,75,"Producto 75","Electrónica",146.4,13
542,97,"Producto 97","Accesorios",446.51,3
543,56,"Producto 56","Juguetes",73.66,16
544,51,"Producto 51","Accesorios",280.81,9
545,50,"Producto 50","Accesorios",130.2,16
546,48,"Producto 48","Electrónica",41.44,10
547,3,"Producto 3","Accesorios",382.51,17
548,33,"Producto 33","Electrónica",305.15,14
549,94,"Producto 94","Juguetes",169.83,9
550,34,"Producto 34","Hogar",455.28,3
551,66,"Producto 66","Juguetes",297.06,4
552,64,"Producto 64","Hogar",473.48,1
553,40,"Producto 40","Electrónica",451.65,17
554,58,"Producto 58","Accesorios",196.55,6
555,20,"Producto 20","Hogar",360.65,10
556,78,"Producto 78","Accesorios",414.54,7
557,25,"Producto 25","Hogar",457.34,16
558,71,"Producto 71","Juguetes",69.66,18
559,40,"Producto 40","Electrónica",26.99,4
560,61,"Producto 61","Juguetes",494.18,12
561,99,"Producto 99","Juguetes",197.79,7
562,95,"Producto 95","Hogar",356.97,15
563,22,"Producto 22","Juguetes",265.34,19
564,80,"Producto 80","Accesorios",196.52,6
565,86,"Producto 86","Hogar",360.69,19
566,93,"Producto 93","Hogar",440.69,18
567,56,"Producto 56","Hogar",64.97,18
568,33,"Producto 33","Electrónica",186.69,14
569,64,"Producto 64","Electrónica",396.02,6
570,53,"Producto 53","Accesorios",111.72,6
571,31,"Producto 31","Juguetes",312.26,16
572,46,"Producto 46","Hogar",191.97,11
573,72,"Producto 72","Electrónica",304,17
574,24,"Producto 24","Electrónica",284.44,8
575,60,"Producto 60","Accesorios",348.75,7
576,30,"Producto 30","Electrónica",408,4
577,23,"Producto 23","Electrónica",229.57,12
578,96,"Producto 96","Juguetes",188.13,13
579,17,"Producto 17","Accesorios",412.22,18
580,90,"Producto 90","Juguetes",258.75,17
581,59,"Producto 59","Electrónica",372.08,1
582,57,"Producto 57","Hogar",425.42,6
583,43,"Producto 43","Electrónica",222.95,2
584,23,"Producto 23","Accesorios",205.92,10
585,90,"Producto 90","Hogar",426.2,18
586,100,"Producto 100","Accesorios",364.88,1
587,45,"Producto 45","Electrónica",309.46,18
588,8,"Producto 8","Hogar",351.5,2
589,79,"Producto 79","Juguetes",375.35,10
590,36,"Producto 36","Accesorios",134.61,11
591,67,"Producto 67","Accesorios",141.72,8
592,39,"Producto 39","Electrónica",103.73,2
593,33,"Producto 33","Accesorios",471.78,14
594,38,"Producto 38","Juguetes",139.22,4
595,90,"Producto 90","Juguetes",251.71,18
596,28,"Producto 28","Juguetes",23.16,12
597,90,"Producto 90","Hogar",401.86,4
598,81,"Producto 81","Juguetes",205.59,17
599,87,"Producto 87","Juguetes",232.76,10
600,53,"Producto 53","Electrónica",465.92,19
601,10,"Producto 10","Juguetes",197.99,1
602,41,"Producto 41","Accesorios",374.18,14
603,8,"Producto 8","Accesorios",392.89,5
604,1,"Producto 1","Juguetes",107.69,13
605,80,"Producto 80","Hogar",32.98,15
606,66,"Producto 66","Electrónica",169.1,20
607,78,"Producto 78","Hogar",343.48,6
608,12,"Producto 12","Juguetes",385.05,20
609,90,"Producto 90","Electrónica",328.26,9
610,72,"Producto 72","Electrónica",467.23,20
611,41,"Producto 41","Juguetes",6.74,7
612,8,"Producto 8","Accesorios",192.3,12
613,57,"Producto 57","Hogar",323.63,19
614,73,"Producto 73","Hogar",54.04,18
615,52,"Producto 52","Electrónica",12.46,12
616,97,"Producto 97","Accesorios",78.54,7
617,67,"Producto 67","Juguetes",373.93,4
618,40,"Producto 40","Accesorios",427.11,11
619,2,"Producto 2","Hogar",165.85,2
620,65,"Producto 65","Juguetes",137,3
621,73,"Producto 73","Juguetes",125.56,3
622,7,"Producto 7","Juguetes",478.34,5
623,77,"Producto 77","Accesorios",251.15,5
624,29,"Producto 29","Juguetes",348.75,15
625,20,"Producto 20","Juguetes",457.99,4
626,78,"Producto 78","Accesorios",306.42,2
627,80,"Producto 80","Electrónica",134.99,18
628,7,"Producto 7","Electrónica",459.87,6
629,100,"Producto 100","Electrónica",357.25,3
630,45,"Producto 45","Electrónica",26.7,10
631,76,"Producto 76","Electrónica",318.59,18
632,25,"Producto 25","Juguetes",427.1,10
633,91,"Producto 91","Electrónica",63.95,2
634,13,"Producto 13","Hogar",476.26,2
635,84,"Producto 84","Electrónica",25.22,1
636,10,"Producto 10","Hogar",89.45,8
637,94,"Producto 94","Electrónica",16.46,18
638,41,"Producto 41","Electrónica",198.01,4
639,12,"Producto 12","Electrónica",356.09,6
640,8,"Producto 8","Hogar",329.6,9
641,71,"Producto 71","Accesorios",245.64,13
642,15,"Producto 15","Electrónica",44.96,14
643,83,"Producto 83","Hogar",484.1,13
644,49,"Producto 49","Hogar",282.34,7
645,39,"Producto 39","Electrónica",359.87,4
646,87,"Producto 87","Electrónica",145.3,9
647,35,"Producto 35","Hogar",402.12,9
648,6,"Producto 6","Hogar",316.46,2
649,71,"Producto 71","Accesorios",454.94,12
650,4,"Producto 4","Accesorios",201.08,9
651,74,"Producto 74","Electrónica",157.6,9
652,81,"Producto 81","Electrónica",367.19,18
653,48,"Producto 48","Juguetes",349.03,9
654,8,"Producto 8","Hogar",220.47,8
655,53,"Producto 53","Electrónica",404.72,10
656,67,"Producto 67","Accesorios",156.28,2
657,53,"Producto 53","Electrónica",457.7,2
658,14,"Producto 14","Juguetes",316.77,5
659,28,"Producto 28","Electrónica",389.7,10
660,6,"Producto 6","Accesorios",359.99,2
661,9,"Producto 9","Hogar",333.27,20
662,33,"Producto 33","Hogar",353.03,6
663,46,"Producto 46","Accesorios",100.35,4
664,64,"Producto 64","Juguetes",301.05,20
665,19,"Producto 19","Electrónica",384.75,10
666,98,"Producto 98","Accesorios",122.01,20
667,1,"Producto 1","Electrónica",347.32,8
668,92,"Producto 92","Accesorios",50.66,18
669,52,"Producto 52","Accesorios",369.84,16
670,94,"Producto 94","Electrónica",472.62,2
671,68,"Producto 68","Accesorios",333.72,12
672,90,"Producto 90","Electrónica",335.37,16
673,75,"Producto 75","Hogar",212.91,20
674,5,"Producto 5","Accesorios",73.29,14
675,100,"Producto 100","Hogar",237.34,1
676,19,"Producto 19","Electrónica",51.41,17
677,35,"Producto 35","Juguetes",378.27,18
678,33,"Producto 33","Electrónica",186.33,9
679,69,"Producto 69","Hogar",286.23,6
680,61,"Producto 61","Accesorios",194.6,8
681,23,"Producto 23","Accesorios",105.6,8
682,41,"Producto 41","Accesorios",269.96,10
683,89,"Producto 89","Hogar",195.99,18
684,63,"Producto 63","Electrónica",431.83,16
685,49,"Producto 49","Hogar",51.31,19
686,85,"Producto 85","Electrónica",36.41,8
687,69,"Producto 69","Accesorios",87.55,11
688,64,"Producto 64","Accesorios",468.15,15
689,76,"Producto 76","Accesorios",224.04,7
690,2,"Producto 2","Juguetes",338.83,3
691,18,"Producto 18","Juguetes",22.86,18
692,4,"Producto 4","Accesorios",236.87,19
693,87,"Producto 87","Electrónica",27.6,18
694,72,"Producto 72","Juguetes",311.92,18
695,65,"Producto 65","Accesorios",433.12,1
696,75,"Producto 75","Accesorios",101.96,19
697,11,"Producto 11","Hogar",144.64,4
698,79,"Producto 79","Juguetes",433.27,10
699,79,"Producto 79","Hogar",20.86,19
700,57,"Producto 57","Accesorios",392.27,6
701,56,"Producto 56","Hogar",230.26,4
702,15,"Producto 15","Accesorios",44.66,8
703,79,"Producto 79","Hogar",453.85,20
704,52,"Producto 52","Electrónica",98.56,16
705,61,"Producto 61","Electrónica",374.32,7
706,89,"Producto 89","Hogar",218.62,1
707,36,"Producto 36","Juguetes",336.91,16
708,3,"Producto 3","Electrónica",97.79,2
709,7,"Producto 7","Juguetes",441.46,8
710,68,"Producto 68","Accesorios",29.19,13
711,53,"Producto 53","Accesorios",114,3
712,24,"Producto 24","Juguetes",134.59,16
713,68,"Producto 68","Hogar",384.77,13
714,67,"Producto 67","Hogar",196.05,12
715,11,"Producto 11","Electrónica",142.89,5
716,74,"Producto 74","Juguetes",43.42,4
717,93,"Producto 93","Hogar",252.65,16
718,87,"Producto 87","Hogar",228.47,19
719,5,"Producto 5","Juguetes",493.37,12
720,88,"Producto 88","Hogar",75.36,16
721,32,"Producto 32","Electrónica",417.75,1
722,89,"Producto 89","Accesorios",19.62,20
723,11,"Producto 11","Hogar",390.49,17
724,74,"Producto 74","Juguetes",118.19,16
725,79,"Producto 79","Electrónica",71.26,6
726,60,"Producto 60","Juguetes",99.35,5
727,31,"Producto 31","Electrónica",111.85,2
728,74,"Producto 74","Accesorios",467.41,7
729,45,"Producto 45","Accesorios",494.46,14
730,59,"Producto 59","Electrónica",158.46,15
731,24,"Producto 24","Accesorios",72.88,16
732,35,"Producto 35","Electrónica",332.19,7
733,10,"Producto 10","Hogar",294.53,4
734,64,"Producto 64","Hogar",175.31,4
735,72,"Producto 72","Accesorios",407.91,10
736,44,"Producto 44","Juguetes",145.18,10
737,42,"Producto 42","Electrónica",423.69,1
738,32,"Producto 32","Juguetes",72.83,14
739,39,"Producto 39","Accesorios",431.66,4
740,7,"Producto 7","Electrónica",38.22,8
741,38,"Producto 38","Juguetes",220.43,11
742,17,"Producto 17","Electrónica",341.67,6
743,84,"Producto 84","Electrónica",106.88,17
744,33,"Producto 33","Hogar",471.56,12
745,74,"Producto 74","Electrónica",192.77,1
746,74,"Producto 74","Accesorios",314.99,3
747,2,"Producto 2","Accesorios",95.83,6
748,79,"Producto 79","Electrónica",331.31,2
749,87,"Producto 87","Hogar",368.67,8
750,99,"Producto 99","Electrónica",250.36,2
751,66,"Producto 66","Accesorios",435.02,14
752,70,"Producto 70","Hogar",416.76,20
753,59,"Producto 59","Electrónica",491.73,17
754,47,"Producto 47","Electrónica",335.09,6
755,9,"Producto 9","Accesorios",323.22,4
756,23,"Producto 23","Accesorios",27.35,7
757,25,"Producto 25","Hogar",99.47,18
758,15,"Producto 15","Accesorios",21.13,18
759,86,"Producto 86","Hogar",424.36,20
760,72,"Producto 72","Accesorios",215.11,16
761,93,"Producto 93","Juguetes",409.52,1
762,21,"Producto 21","Juguetes",80.07,6
763,48,"Producto 48","Juguetes",205.89,8
764,73,"Producto 73","Electrónica",362.64,3
765,98,"Producto 98","Electrónica",34.52,6
766,43,"Producto 43","Electrónica",168.52,16
767,56,"Producto 56","Accesorios",389.5,2
768,75,"Producto 75","Electrónica",421.03,14
769,4,"Producto 4","Juguetes",435.94,6
770,71,"Producto 71","Hogar",476.76,1
771,56,"Producto 56","Accesorios",195.06,4
772,50,"Producto 50","Juguetes",475.56,11
773,11,"Producto 11","Hogar",353.53,15
774,97,"Producto 97","Juguetes",213.88,2
775,75,"Producto 75","Hogar",198.7,20
776,60,"Producto 60","Accesorios",109.23,20
777,85,"Producto 85","Hogar",377.48,1
778,74,"Producto 74","Juguetes",225.31,10
779,67,"Producto 67","Hogar",229.39,12
780,99,"Producto 99","Hogar",46.21,6
781,98,"Producto 98","Hogar",185.76,14
782,58,"Producto 58","Accesorios",448,1
783,40,"Producto 40","Accesorios",274.5,18
784,92,"Producto 92","Hogar",20.26,7
785,13,"Producto 13","Juguetes",197.27,11
786,8,"Producto 8","Electrónica",61.13,7
787,2,"Producto 2","Accesorios",142.24,14
788,6,"Producto 6","Accesorios",361.16,18
789,87,"Producto 87","Accesorios",191.13,5
790,17,"Producto 17","Juguetes",319.06,14
791,32,"Producto 32","Electrónica",250.89,12
792,78,"Producto 78","Electrónica",404.71,8
793,71,"Producto 71","Electrónica",293.18,7
794,77,"Producto 77","Electrónica",90.15,4
795,72,"Producto 72","Accesorios",468.96,1
796,75,"Producto 75","Accesorios",31.64,2
797,17,"Producto 17","Juguetes",48.18,1
798,71,"Producto 71","Accesorios",421.57,5
799,55,"Producto 55","Accesorios",213.34,11
800,19,"Producto 19","Hogar",360.16,8
801,15,"Producto 15","Accesorios",369.39,9
802,46,"Producto 46","Accesorios",493.8,16
803,14,"Producto 14","Electrónica",480.68,13
804,90,"Producto 90","Hogar",75.19,17
805,27,"Producto 27","Hogar",334.15,14
806,81,"Producto 81","Juguetes",21.41,11
807,33,"Producto 33","Electrónica",249.78,17
808,50,"Producto 50","Accesorios",396.72,10
809,18,"Producto 18","Hogar",192.71,18
810,20,"Producto 20","Accesorios",474.41,14
811,91,"Producto 91","Electrónica",332.03,12
812,42,"Producto 42","Electrónica",219.22,9
813,74,"Producto 74","Hogar",420.15,4
814,53,"Producto 53","Electrónica",403.33,17
815,63,"Producto 63","Electrónica",216.4,11
816,73,"Producto 73","Accesorios",168.05,4
817,31,"Producto 31","Accesorios",284.7,9
818,83,"Producto 83","Accesorios",431.31,18
819,55,"Producto 55","Hogar",295.01,17
820,18,"Producto 18","Hogar",324.33,12
821,44,"Producto 44","Accesorios",384.71,9
822,92,"Producto 92","Hogar",347.96,16
823,21,"Producto 21","Juguetes",434.06,13
824,29,"Producto 29","Electrónica",51.88,7
825,36,"Producto 36","Electrónica",306.92,3
826,84,"Producto 84","Hogar",124.23,12
827,23,"Producto 23","Accesorios",237.47,20
828,42,"Producto 42","Hogar",145.54,16
829,69,"Producto 69","Accesorios",459.63,1
830,66,"Producto 66","Electrónica",202.87,11
831,82,"Producto 82","Juguetes",284.85,1
832,76,"Producto 76","Electrónica",45.03,20
833,62,"Producto 62","Accesorios",471.64,5
834,64,"Producto 64","Hogar",369.21,16
835,77,"Producto 77","Hogar",240.28,3
836,51,"Producto 51","Accesorios",95.01,15
837,18,"Producto 18","Juguetes",366.53,8
838,10,"Producto 10","Electrónica",309.24,17
839,73,"Producto 73","Electrónica",35.22,5
840,99,"Producto 99","Hogar",31.38,9
841,93,"Producto 93","Accesorios",230.35,10
842,86,"Producto 86","Electrónica",94.58,13
843,83,"Producto 83","Accesorios",248.2,5
844,72,"Producto 72","Accesorios",491.03,1
845,97,"Producto 97","Hogar",115.94,20
846,2,"Producto 2","Accesorios",357.7,12
847,43,"Producto 43","Accesorios",79.31,20
848,5,"Producto 5","Accesorios",265.23,13
849,85,"Producto 85","Hogar",415.1,2
850,95,"Producto 95","Juguetes",67.8,10
851,100,"Producto 100","Accesorios",410.74,5
852,27,"Producto 27","Juguetes",126.77,3
853,23,"Producto 23","Juguetes",53.02,5
854,3,"Producto 3","Juguetes",86.03,13
855,15,"Producto 15","Accesorios",333.86,13
856,58,"Producto 58","Electrónica",340.33,15
857,7,"Producto 7","Accesorios",70.81,6
858,34,"Producto 34","Hogar",489.86,1
859,31,"Producto 31","Hogar",77.57,10
860,82,"Producto 82","Hogar",471.2,18
861,18,"Producto 18","Juguetes",351.67,11
862,99,"Producto 99","Electrónica",286.14,20
863,46,"Producto 46","Hogar",126.94,18
864,9,"Producto 9","Hogar",173.73,15
865,79,"Producto 79","Hogar",420.68,7
866,17,"Producto 17","Hogar",461.15,3
867,7,"Producto 7","Accesorios",260.11,19
868,94,"Producto 94","Hogar",444.62,5
869,8,"Producto 8","Juguetes",353.52,15
870,65,"Producto 65","Electrónica",214.76,19
871,9,"Producto 9","Hogar",153.63,7
872,99,"Producto 99","Accesorios",481.88,16
873,25,"Producto 25","Juguetes",66.79,5
874,2,"Producto 2","Electrónica",341.77,16
875,11,"Producto 11","Hogar",410.82,19
876,68,"Producto 68","Electrónica",112.06,10
877,40,"Producto 40","Juguetes",299.07,1
878,20,"Producto 20","Hogar",85.04,20
879,11,"Producto 11","Accesorios",205.74,4
880,18,"Producto 18","Electrónica",123.25,20
881,54,"Producto 54","Juguetes",266.16,9
882,14,"Producto 14","Accesorios",337.12,5
883,67,"Producto 67","Juguetes",454.24,7
884,92,"Producto 92","Hogar",169.73,1
885,67,"Producto 67","Juguetes",125.06,20
886,92,"Producto 92","Hogar",158.44,2
887,93,"Producto 93","Accesorios",117.27,11
888,39,"Producto 39","Accesorios",65.89,1
889,23,"Producto 23","Juguetes",137.54,13
890,79,"Producto 79","Juguetes",462.21,10
891,87,"Producto 87","Electrónica",32.96,18
892,88,"Producto 88","Hogar",253.22,4
893,40,"Producto 40","Accesorios",397.92,4
894,33,"Producto 33","Hogar",419.77,2
895,37,"Producto 37","Hogar",290.26,16
896,60,"Producto 60","Electrónica",124.72,16
897,29,"Producto 29","Hogar",293.12,8
898,70,"Producto 70","Hogar",73.07,3
899,25,"Producto 25","Accesorios",243.94,20
900,42,"Producto 42","Hogar",51.37,18
901,26,"Producto 26","Juguetes",155.96,11
902,88,"Producto 88","Hogar",339.97,17
903,44,"Producto 44","Juguetes",106.54,16
904,96,"Producto 96","Hogar",200.48,2
905,8,"Producto 8","Hogar",402.41,8
906,16,"Producto 16","Electrónica",118.02,5
907,39,"Producto 39","Electrónica",43.07,12
908,96,"Producto 96","Juguetes",390.22,15
909,65,"Producto 65","Juguetes",336.72,2
910,94,"Producto 94","Accesorios",258,15
911,58,"Producto 58","Electrónica",110.93,5
912,89,"Producto 89","Hogar",97.91,9
913,56,"Producto 56","Juguetes",307.52,15
914,43,"Producto 43","Electrónica",24.18,7
915,67,"Producto 67","Hogar",118.57,9
916,56,"Producto 56","Hogar",412.85,9
917,22,"Producto 22","Hogar",153.68,11
918,17,"Producto 17","Accesorios",12.97,10
919,84,"Producto 84","Electrónica",480.98,17
920,99,"Producto 99","Electrónica",48.43,10
921,14,"Producto 14","Hogar",375.27,15
922,64,"Producto 64","Electrónica",418.82,7
923,24,"Producto 24","Accesorios",12.91,17
924,94,"Producto 94","Hogar",427.17,12
925,8,"Producto 8","Juguetes",277.4,5
926,20,"Producto 20","Accesorios",173.15,3
927,74,"Producto 74","Electrónica",166.22,18
928,86,"Producto 86","Hogar",321.41,14
929,50,"Producto 50","Accesorios",68.28,7
930,17,"Producto 17","Accesorios",159,13
931,9,"Producto 9","Juguetes",293.63,3
932,35,"Producto 35","Electrónica",380.8,2
933,85,"Producto 85","Electrónica",278.09,11
934,63,"Producto 63","Juguetes",345.45,10
935,57,"Producto 57","Hogar",188.78,16
936,16,"Producto 16","Juguetes",453.84,20
937,52,"Producto 52","Accesorios",487.99,3
938,90,"Producto 90","Electrónica",384.22,4
939,99,"Producto 99","Juguetes",11.07,7
940,35,"Producto 35","Juguetes",263.69,10
941,54,"Producto 54","Electrónica",400.53,20
942,26,"Producto 26","Juguetes",107.69,17
943,13,"Producto 13","Hogar",196.21,11
944,36,"Producto 36","Hogar",273.48,14
945,47,"Producto 47","Juguetes",373.41,3
946,25,"Producto 25","Electrónica",170,20
947,28,"Producto 28","Juguetes",165.83,14
948,29,"Producto 29","Accesorios",214.75,17
949,77,"Producto 77","Electrónica",141.77,5
950,44,"Producto 44","Hogar",314.91,3
951,54,"Producto 54","Electrónica",26.58,14
952,85,"Producto 85","Hogar",305.23,17
953,25,"Producto 25","Accesorios",211.44,11
954,29,"Producto 29","Juguetes",26.59,1
955,20,"Producto 20","Electrónica",496.74,9
956,93,"Producto 93","Hogar",315.15,3
957,13,"Producto 13","Juguetes",420.23,20
958,77,"Producto 77","Juguetes",201.56,12
959,35,"Producto 35","Hogar",476.78,12
960,55,"Producto 55","Hogar",192.31,16
961,5,"Producto 5","Accesorios",410.85,9
962,56,"Producto 56","Juguetes",8.58,9
963,77,"Producto 77","Accesorios",437.5,15
964,87,"Producto 87","Juguetes",41.6,14
965,92,"Producto 92","Electrónica",409.27,3
966,44,"Producto 44","Accesorios",295.09,8
967,72,"Producto 72","Accesorios",342.96,16
968,38,"Producto 38","Juguetes",358.51,1
969,24,"Producto 24","Accesorios",143.65,11
970,80,"Producto 80","Accesorios",338.39,1
971,75,"Producto 75","Hogar",152.03,15
972,87,"Producto 87","Hogar",287.67,7
973,94,"Producto 94","Electrónica",32.08,11
974,96,"Producto 96","Accesorios",177.07,5
975,91,"Producto 91","Hogar",251.35,16
976,48,"Producto 48","Electrónica",268.19,17
977,15,"Producto 15","Accesorios",408.81,17
978,65,"Producto 65","Electrónica",257.61,8
979,54,"Producto 54","Accesorios",425.23,3
980,10,"Producto 10","Hogar",299.13,20
981,86,"Producto 86","Juguetes",271.26,8
982,42,"Producto 42","Hogar",315.39,14
983,100,"Producto 100","Hogar",149.53,16
984,41,"Producto 41","Juguetes",285.78,16
985,25,"Producto 25","Electrónica",499.75,3
986,94,"Producto 94","Electrónica",460.62,14
987,52,"Producto 52","Accesorios",385.82,17
988,37,"Producto 37","Juguetes",422.65,17
989,27,"Producto 27","Electrónica",461.53,13
990,73,"Producto 73","Accesorios",302.39,20
991,83,"Producto 83","Hogar",187.06,2
992,35,"Producto 35","Accesorios",374.77,16
993,34,"Producto 34","Electrónica",245.01,14
994,63,"Producto 63","Hogar",7.38,5
995,87,"Producto 87","Electrónica",338.21,9
996,76,"Producto 76","Electrónica",204.81,18
997,79,"Producto 79","Juguetes",476.83,10
998,49,"Producto 49","Hogar",71.51,20
999,35,"Producto 35","Electrónica",191.97,18
1000,29,"Producto 29","Juguetes",450.43,2
